{
  "pose": [
    0.08136289209837592,
    0.10648727438105039,
    0.07508401531544094,
    0.0012362596809998023,
    0.002597270541563953,
    0.0002283704585251424,
    0.9999958368386687
  ],
  "stamp": 1509.57
}
